/* Populate tables */
INSERT INTO user (id, avatar, created_at, password, role, surname,username,email) VALUES(1, 'noAvatar.jpg', "2020-06-09 17:12:00", 'mustSecure', 'ROLE_USER', 'nadal','francisco','francisconadal1@gmail.com');
INSERT INTO user (id, avatar, created_at, password, role, surname,username,email) VALUES(2, 'noAvatar.jpg', "2019-12-13 11:32:45", 'mustSecure', 'ROLE_USER', 'nadal2','francisco2','francisconadal2@gmail.com');

INSERT INTO category(id, name) VALUES(1, "Technology");
INSERT INTO category(id, name) VALUES(2, "News");
INSERT INTO category(id, name) VALUES(3, "RemovableCategory");

INSERT INTO post(id, image_post, content, created_at, title, category_id, user_id) VALUES(1,"https://www.miss-thrifty.co.uk/wp-content/uploads/2013/02/miss-thrifty-slow-cooker-lemon-curd.png","this is the post this is the postthis is the post this is the postthis is the post this is the postthis is the post this is the postthis is the post this is the postthis is the post this is the postthis is the post this is the postthis is the post this is the postthis is the post this is the postthis is the post this is the postthis is the post this is the postthis is the post this is the postthis is the post this is the postthis is the post this is the postthis is the post this is the postthis is the post this is the postthis is the post this is the postthis is the post this is the postthis is the post this is the postthis is the post this is the postthis is the post this is the postthis is the post this is the postthis is the post this is the postthis is the post this is the postthis is the post this is the postthis is the post this is the postthis is the post this is the postthis is the post this is the postthis is the post this is the postthis is the post this is the postthis is the post this is the postthis is the post this is the postthis is the post this is the postthis is the post this is the postthis is the post this is the postthis is the post this is the postthis is the post this is the postthis is the post this is the postthis is the post this is the postthis is the post this is the postthis is the post this is the postthis is the post this is the postthis is the post this is the postthis is the post this is the postthis is the post this is the postthis is the post this is the postthis is the post this is the postthis is the post this is the postthis is the post this is the postthis is the post this is the postthis is the post this is the postthis is the post this is the postthis is the post this is the postthis is the post this is the postthis is the post this is the postthis is the post this is the postthis is the post this is the postthis is the post this is the postthis is the post this is the postthis is the post this is the postthis is the post this is the postthis is the post this is the postthis is the post this is the postthis is the post this is the postthis is the post this is the postthis is the post this is the postthis is the post this is the postthis is the post this is the postthis is the post this is the postthis is the post this is the postthis is the post this is the postthis is the post this is the post","2021-11-05 18:06:12", "THE FIRST POST", 1,1);
INSERT INTO post(id, content, created_at, title, category_id, user_id) VALUES(2,"second post","2020-06-09 17:12:00", "THE SECOND POST", 2,1);
INSERT INTO post(id, content, created_at, title, category_id, user_id) VALUES(3,"this is the post this is the postthis is the post this is the postthis is the post this is the postthis is the post this is the postthis is the post this is the postthis is the post this is the postthis is the post this is the postthis is the post this is the postthis is the post this is the postthis is the post this is the postthis is the post this is the postthis is the post this is the postthis is the post this is the postthis is the post this is the postthis is the post this is the postthis is the post this is the postthis is the post this is the postthis is the post this is the postthis is the post this is the postthis is the post this is the postthis is the post this is the postthis is the post this is the postthis is the post this is the postthis is the post this is the postthis is the post this is the postthis is the post this is the postthis is the post this is the postthis is the post this is the postthis is the post this is the postthis is the post this is the postthis is the post this is the postthis is the post this is the postthis is the post this is the postthis is the post this is the postthis is the post this is the postthis is the post this is the postthis is the post this is the postthis is the post this is the postthis is the post this is the postthis is the post this is the postthis is the post this is the postthis is the post this is the postthis is the post this is the postthis is the post this is the postthis is the post this is the postthis is the post this is the postthis is the post this is the postthis is the post this is the postthis is the post this is the postthis is the post this is the postthis is the post this is the postthis is the post this is the postthis is the post this is the postthis is the post this is the postthis is the post this is the postthis is the post this is the postthis is the post this is the postthis is the post this is the postthis is the post this is the postthis is the post this is the postthis is the post this is the postthis is the post this is the postthis is the post this is the postthis is the post this is the postthis is the post this is the postthis is the post this is the postthis is the post this is the postthis is the post this is the postthis is the post this is the postthis is the post this is the postthis is the post this is the postthis is the post this is the post","2021-11-05 18:06:12", "THIRD POST", 1,1);

INSERT INTO comments(id, message, user_id, post_id, created_at) VALUES(1,"First Comment", 1,1,"2021-11-05 18:06:12");
INSERT INTO comments(id, message, user_id, post_id, created_at) VALUES(2,"Second comment", 1,1,"2016-11-05 18:06:12");
INSERT INTO comments(id, message, user_id, post_id, created_at) VALUES(3,"Third comment", 1,1,"2018-11-05 18:06:12");
INSERT INTO comments(id, message, user_id, post_id, created_at) VALUES(4,"Fourth comment", 1,1,"2019-11-05 18:06:12");
INSERT INTO comments(id, message, user_id, post_id, created_at) VALUES(5,"Sixth comment", 1,1,"2015-11-05 18:06:12");
INSERT INTO comments(id, message, user_id, post_id, created_at) VALUES(6,"Seventh comment", 1,1,"2014-12-13 11:32:45");
INSERT INTO comments(id, message, user_id, post_id, created_at) VALUES(7,"Eight comment", 1,2,"2023-06-09 17:12:00");

INSERT INTO hashtag(id, name) VALUES(1, "VeryInteresting");
INSERT INTO hashtag(id, name) VALUES(2, "FirstPost");
INSERT INTO hashtag(id, name) VALUES(3, "SecondPost");

INSERT INTO hashtag_post(post_id, hashtag_id) VALUES(1, 1);
INSERT INTO hashtag_post(post_id, hashtag_id) VALUES(2, 1);
INSERT INTO hashtag_post(post_id, hashtag_id) VALUES(2, 3);
INSERT INTO hashtag_post(post_id, hashtag_id) VALUES(1, 2);